species,reactor,sample_time,dilution,count,comment,average,stdev,total,composition
oa,M3,238.6,-4,27|31|30,,29333333.333333332,2081665.9994661326,72666666.66666666,0.4036697247706422
oa,M3,262.32,-5,14|14|14,,140000000.0,0.0,343333333.3333333,0.4077669902912622
oa,M3,287.45,-3,52|35|42,,4300000.0,854400.3745317531,14633333.333333334,0.2938496583143508
oa,M3,313.32,-4,16|17|18,,17000000.0,1000000.0,39333333.33333333,0.43220338983050854
