exp_time,od_measured,od_setpoint,od_zero_setpoint,thermostat_setpoint,heating_rate,internal_air_temp,external_air_temp,media_temp,opt_gen_act_int,pump_1_rate,pump_2_rate,pump_3_rate,pump_4_rate,media_vol,stirring_rate,LED_395nm_setpoint,LED_457nm_setpoint,LED_500nm_setpoint,LED_523nm_setpoint,LED_595nm_setpoint,LED_623nm_setpoint,LED_6500K_setpoint,laser_setpoint,LED_UV_int,FP1_base,FP1_emit1,FP1_emit2,FP2_base,FP2_emit1,FP2_emit2,FP3_base,FP3_emit1,FP3_emit2,custom_prog_param1,custom_prog_param2,custom_prog_param3,custom_prog_status,zigzag_target,growth_rate
0.19,0.12801544719277846,0.0,12617.288220712937,28.0,0.0,26.5625,35.0625,29.690000000000055,0.0,0.0,0.0,0.0,0.0,20.0,0.5,0.1,0.1,0.1,0.1,0.1,0.1,0.1,0.5,0.0,19141.0,0.10615955279243508,0.04080246591087195,0.0,2023.0,778.0,0.0,2008.0,775.0,0.0,0.0,0.0,0.0,0.0,0.0
60.26,0.16333908971837824,0.0,12617.288220712937,28.0,0.0,26.875,35.0625,29.57000000000005,0.0,0.0,0.0,0.0,0.0,20.0,0.5,0.1,0.1,0.1,0.1,0.1,0.1,0.1,0.5,0.0,19541.0,0.10480528120362315,0.04012077171076199,0.0,2038.0,781.0,0.0,2034.0,780.0,0.0,0.0,0.0,0.0,0.0,0.0
120.32,0.1661789260146908,0.0,12617.288220712937,28.0,0.0,28.6875,35.0625,29.150000000000034,0.0,0.0,0.0,0.0,0.0,20.0,0.5,0.1,0.1,0.1,0.1,0.1,0.1,0.1,0.5,0.0,65535.0,0.5659266041046769,0.14050507362478065,0.0,37243.0,9225.0,0.0,37384.0,9284.0,0.0,0.0,0.0,0.0,0.0,0.0
