species,reactor,sample_time,dilution,count,comment,average,stdev,total,composition
ct,M1,452.9,-5,15|13|9,,123333333.33333331,30550504.633038927,123333333.33333331,1.0
ct,M1,475.87,-6,6|5|6,,566666666.6666666,57735026.918962575,566666666.6666666,1.0
ct,M1,501.81,-5,27|11|24,,206666666.66666666,85049005.48115382,206666666.66666666,1.0
ct,M1,524.35,-5,34|29|27,,299999999.99999994,36055512.75463987,299999999.99999994,1.0
ct,M1,552.21,-5,19|17|11,,156666666.66666666,41633319.98932263,156666666.66666666,1.0
ct,M1,575.26,-5,17|15|19,,169999999.99999997,20000000.0,169999999.99999997,1.0
