time,OD,GFP,mCherry
143.5,1.5,7458,158346.333333333
167.6,1.32,5540,88434.666666667