exp_time,od_measured,od_setpoint,od_zero_setpoint,thermostat_setpoint,heating_rate,internal_air_temp,external_air_temp,media_temp,opt_gen_act_int,pump_1_rate,pump_2_rate,pump_3_rate,pump_4_rate,media_vol,stirring_rate,LED_395nm_setpoint,LED_457nm_setpoint,LED_500nm_setpoint,LED_523nm_setpoint,LED_595nm_setpoint,LED_623nm_setpoint,LED_6500K_setpoint,laser_setpoint,LED_UV_int,FP1_base,FP1_emit1,FP1_emit2,FP2_base,FP2_emit1,FP2_emit2,FP3_base,FP3_emit1,FP3_emit2,custom_prog_param1,custom_prog_param2,custom_prog_param3,custom_prog_status,zigzag_target,growth_rate
0.13,0.208787951575711,0.0,65000.0,28.0,0.0,27.1875,32.1875,27.99000000000001,0.0,0.0,0.0,0.0,0.0,20.0,0.28,0.1,0.1,0.1,0.1,0.1,0.1,0.1,0.5,0.0,11677.0,0.09086237903571123,0.0,0.0,4011.0,0.0,0.0,14993.0,0.0,0.0,0.0,0.0,0.0,0.0,0.0
60.21,0.20943601076095314,0.0,65000.0,28.0,0.12389999999999532,27.0,32.375,27.53000000000003,0.0,0.0,0.0,0.0,0.0,20.0,0.28,0.1,0.1,0.1,0.1,0.1,0.1,0.1,0.5,0.0,11366.0,0.09229280309695584,0.0,0.0,3985.0,0.0,0.0,14993.0,0.0,0.0,0.0,0.0,0.0,0.0,0.0
120.25,0.2134521521906226,0.0,65000.0,28.0,0.22779999999998807,26.8125,32.1875,27.250000000000057,0.0,0.0,0.0,0.0,0.0,20.0,0.28,0.1,0.1,0.1,0.1,0.1,0.1,0.1,0.5,0.0,11423.0,0.09174472555370743,0.0,0.0,3948.0,0.0,0.0,14826.0,0.0,0.0,0.0,0.0,0.0,0.0,0.0
180.28,0.2180707148347425,0.0,65000.0,28.0,0.19849999999999,26.8125,32.0625,27.250000000000057,0.0,0.0,0.0,0.0,0.0,20.0,0.28,0.1,0.1,0.1,0.1,0.1,0.1,0.1,0.5,0.0,11380.0,0.09191564147627417,0.0,0.0,3944.0,0.0,0.0,14746.0,0.0,0.0,0.0,0.0,0.0,0.0,0.0
416.18,0.21522290545734052,0.0,65000.0,28.0,1.0,26.0,32.1875,25.750000000000057,0.0,0.0,0.0,0.0,0.0,20.0,0.0,0.1,0.1,0.1,0.1,0.1,0.1,0.1,0.5,0.0,11442.0,0.09159237895472819,0.0,0.0,3827.0,0.0,0.0,14400.0,0.0,0.0,0.0,0.0,0.0,0.0,0.0
