species,reactor,sample_time,dilution,count,comment,average,stdev,total,composition
ct,M4,452.9,-5,6|6|6|6,,60000000.0,0.0,64333333.333333336,0.9326424870466321
ct,M4,475.87,-4,30|24|24,,26000000.0,3464101.6151377545,31250000.0,0.832
ct,M4,501.81,-5,7|9|13,,96666666.66666666,30550504.633038934,115666666.66666666,0.8357348703170029
ct,M4,524.35,-5,14|12|14|13,,132500000.0,9574271.07756338,153166666.66666666,0.8650707290533188
ct,M4,552.21,-5,13|14|14|15,,140000000.0,8164965.809277249,158750000.0,0.8818897637795275
ct,M4,575.26,-5,5|10|12,,90000000.0,36055512.754639894,105500000.0,0.8530805687203792
ct,M4,597.83,-5,17|14|17|20,,169999999.99999997,24494897.42783177,198749999.99999997,0.8553459119496856
ct,M4,619.0,-5,10|15|9|6,,99999999.99999999,37416573.8677394,116249999.99999999,0.8602150537634409
