species,reactor,sample_time,dilution,count,comment,average,stdev,total,composition
ct,M4,115.78,-5,27|24|25,,253333333.33333334,15275252.316519465,1153333333.3333333,0.21965317919075147
ct,M4,120.9,-5,18|19|20,,189999999.99999997,10000000.0,1323333333.3333333,0.14357682619647355
ct,M4,139.56,-5,13|13|22,,160000000.0,51961524.227066316,1193333333.3333335,0.13407821229050276
ct,M4,146.25,-5,20|10|15,,149999999.99999997,49999999.99999999,783333333.3333334,0.1914893617021276
ct,M4,163.37,-5,10|12|9,,103333333.33333333,15275252.316519475,1136666666.6666667,0.0909090909090909
ct,M4,170.08,-5,15|14|17,,153333333.3333333,15275252.316519454,1220000000.0,0.1256830601092896
ct,M4,187.33,-5,6|9|8,,76666666.66666666,15275252.31651946,1876666666.6666667,0.0408525754884547
ct,M4,194.14,-5,13|8|11,,106666666.66666666,25166114.78423584,906666666.6666666,0.11764705882352941
ct,M4,212.3,-5,24|13|12,,163333333.33333334,66583281.18479393,1263333333.3333333,0.12928759894459105
