species,reactor,sample_time,dilution,count,comment,average,stdev,total,composition
oa,M4,115.78,-6,10|9|8,,900000000.0,100000000.0,1153333333.3333333,0.7803468208092486
oa,M4,120.9,-6,10|7|17,,1133333333.3333333,513160143.94468844,1323333333.3333333,0.8564231738035264
oa,M4,139.56,-6,10|12|9,,1033333333.3333334,152752523.16519466,1193333333.3333335,0.8659217877094971
oa,M4,146.25,-6,6|6|7,,633333333.3333334,57735026.918962575,783333333.3333334,0.8085106382978724
oa,M4,163.37,-6,13|7|11,,1033333333.3333334,305505046.3303893,1136666666.6666667,0.9090909090909091
oa,M4,170.08,-6,9|11|12,,1066666666.6666666,152752523.16519466,1220000000.0,0.8743169398907104
oa,M4,187.33,-6,17|21|16,,1800000000.0,264575131.10645905,1876666666.6666667,0.9591474245115452
oa,M4,194.14,-6,9|9|6,,800000000.0,173205080.75688773,906666666.6666666,0.8823529411764707
oa,M4,212.3,-6,6|10|17,,1100000000.0,556776436.2830021,1263333333.3333333,0.870712401055409
