,At,Ct,Ms,Oa
CFUs,1.00E+09,5.60E+07,110000000,350000000
Ratio,0.659630606860158,0.0369393139841689,0.0725593667546174,0.230870712401055
