,At,Ct,Ms,Oa
CFUs,5.50E+08,6.00E+08,150000000,185000000
Ratio,0.37037037037037,0.404040404040404,0.101010101010101,0.124579124579125
