,At,Ct,Ms,Oa
CFUs,3.00E+08,2.50E+07,600000000,110000000
Ratio,0.289855072463768,0.0241545893719807,0.579710144927536,0.106280193236715
