species,reactor,sample_time,dilution,count,comment,average,stdev,total,composition
ct,M1,139.56,-2,22|20|20,,206666.66666666666,11547.005383792515,2700206666.6666665,7.653735146198686e-05
ct,M1,146.25,-2,37|24|28,,296666.6666666667,66583.28118479393,1733630000.0,0.00017112455752765394
ct,M1,163.37,-2,33|31|33,,323333.3333333333,11547.005383792515,2000323333.3333333,0.00016164053478021052
ct,M1,170.08,-3,26|20|30,,2533333.3333333335,503322.2956847166,705066666.6666666,0.0035930408472012107
ct,M1,170.08,-3,26|20|30,,2533333.3333333335,503322.2956847166,705066666.6666666,0.0035930408472012107
ct,M1,187.33,-4,22|22|6,,16666666.666666666,9237604.307034012,1783333333.3333335,0.009345794392523364
ct,M1,194.14,-4,11|19|35,,21666666.666666668,12220201.853215573,1321666666.6666667,0.01639344262295082
ct,M1,212.3,-5,3|3|5,,36666666.666666664,11547005.383792512,1170000000.0,0.031339031339031334
