species,reactor,sample_time,dilution,count,comment,average,stdev,total,composition
ct,M1,238.6,-4,40|35|36,,37000000.0,2645751.3110645907,263666666.66666666,0.14032869785082175
ct,M1,262.32,-4,32|30|40,,34000000.0,5291502.622129181,120666666.66666666,0.281767955801105
ct,M1,287.45,-5,4|11|8,,76666666.66666666,35118845.84284247,94666666.66666666,0.8098591549295775
ct,M1,313.32,-5,6|7|6,,63333333.333333336,5773502.691896258,69000000.0,0.9178743961352658
ct,M1,336.77,-5,16|23|27,,220000000.0,55677643.628300235,220000000.0,1.0
ct,M1,355.28,-5,8|11|18,,123333333.33333331,51316014.39446883,123333333.33333331,1.0
ct,M1,380.4,-5,18|25|32,,249999999.99999997,69999999.99999999,249999999.99999997,1.0
