exp_time,od_measured,od_setpoint,od_zero_setpoint,thermostat_setpoint,heating_rate,internal_air_temp,external_air_temp,media_temp,opt_gen_act_int,pump_1_rate,pump_2_rate,pump_3_rate,pump_4_rate,media_vol,stirring_rate,LED_395nm_setpoint,LED_457nm_setpoint,LED_500nm_setpoint,LED_523nm_setpoint,LED_595nm_setpoint,LED_623nm_setpoint,LED_6500K_setpoint,laser_setpoint,LED_UV_int,FP1_base,FP1_emit1,FP1_emit2,FP2_base,FP2_emit1,FP2_emit2,FP3_base,FP3_emit1,FP3_emit2,custom_prog_param1,custom_prog_param2,custom_prog_param3,custom_prog_status,zigzag_target,growth_rate
0.14,3495.25,0.0,65000.0,37.0,1.0,26.6875,33.4375,30.810000000000002,0.0,0.0,0.0,0.0,0.0,20.0,0.5,0.1,0.1,0.1,0.1,0.1,0.1,0.1,0.5,0.0,31541.0,0.06264861608699787,0.0,0.0,0.0,0.0,0.0,23685.0,0.0,0.0,0.0,0.0,0.0,0.0,0.0
60.21,3602.5,0.0,65000.0,37.0,1.0,27.6875,33.4375,32.59000000000003,0.0,0.0,0.0,0.0,0.0,20.0,0.5,0.1,0.1,0.1,0.1,0.1,0.1,0.1,0.5,0.0,31398.0,0.06153258169310147,0.0,0.0,0.0,0.0,0.0,23355.0,0.0,0.0,0.0,0.0,0.0,0.0,0.0
120.25,3786.5,0.0,65000.0,37.0,1.0,28.625,33.375,34.210000000000036,0.0,0.0,0.0,0.0,0.0,20.0,0.5,0.1,0.1,0.1,0.1,0.1,0.1,0.1,0.5,0.0,30877.0,0.06231175308482042,0.0,0.0,0.0,0.0,0.0,22611.0,0.0,0.0,0.0,0.0,0.0,0.0,0.0
180.28,3891.75,0.0,65000.0,37.0,0.33124999999998495,29.5,33.375,35.83000000000004,0.0,0.0,0.0,0.0,0.0,20.0,0.5,0.1,0.1,0.1,0.1,0.1,0.1,0.1,0.5,0.0,30474.0,0.06221697184485135,0.0,0.0,0.0,0.0,0.0,22666.0,0.0,0.0,0.0,0.0,0.0,0.0,0.0
240.34,3775.0,0.0,65000.0,37.0,0.16544999999999646,30.25,33.3125,36.47000000000003,0.0,0.0,0.0,0.0,0.0,20.0,0.5,0.1,0.1,0.1,0.1,0.1,0.1,0.1,0.5,0.0,29586.0,0.06350976813357669,0.0,0.0,0.0,0.0,0.0,22167.0,0.0,0.0,0.0,0.0,0.0,0.0,0.0
