species,reactor,sample_time,dilution,count,comment,average,stdev,total,composition
ct,M4,238.6,-5,9|12|15,,119999999.99999999,29999999.999999993,213333333.3333333,0.5625
ct,M4,262.32,-4,27|45|33,,35000000.0,9165151.38991168,91666666.66666666,0.38181818181818183
ct,M4,287.45,-5,7|4|5,,53333333.33333333,15275252.31651947,116666666.66666666,0.45714285714285713
ct,M4,313.32,-5,9|10|15|19,,132499999.99999997,46457866.21588784,159499999.99999997,0.8307210031347962
ct,M4,336.77,-5,7|8|5|4,,59999999.99999999,18257418.583505534,66999999.99999999,0.8955223880597015
ct,M4,355.28,-5,9|10|12|15,,114999999.99999999,26457513.1106459,124999999.99999999,0.92
ct,M4,380.4,-5,10|12|18,,133333333.33333331,41633319.98932264,140333333.3333333,0.9501187648456056
