species,reactor,sample_time,dilution,count,comment,average,stdev,total,composition
oa,M4,238.6,-5,12|7|9,,93333333.33333333,25166114.78423583,213333333.3333333,0.4375
oa,M4,262.32,-5,6|5|6,,56666666.666666664,5773502.691896262,91666666.66666666,0.6181818181818183
oa,M4,287.45,-5,5|8|6,,63333333.33333333,15275252.316519462,116666666.66666666,0.5428571428571428
oa,M4,313.32,-4,28|21|32,,27000000.0,5567764.362830022,159499999.99999997,0.16927899686520378
oa,M4,336.77,-4,6|7|8,,7000000.0,1000000.0,66999999.99999999,0.10447761194029852
oa,M4,355.28,-4,9|10|11|10,,10000000.0,816496.580927726,124999999.99999999,0.08000000000000002
oa,M4,380.4,-4,6|7|6|9,,7000000.0,1414213.562373095,140333333.3333333,0.049881235154394306
