exp_time,od_measured,od_setpoint,od_zero_setpoint,thermostat_setpoint,heating_rate,internal_air_temp,external_air_temp,media_temp,opt_gen_act_int,pump_1_rate,pump_2_rate,pump_3_rate,pump_4_rate,media_vol,stirring_rate,LED_395nm_setpoint,LED_457nm_setpoint,LED_500nm_setpoint,LED_523nm_setpoint,LED_595nm_setpoint,LED_623nm_setpoint,LED_6500K_setpoint,laser_setpoint,LED_UV_int,FP1_base,FP1_emit1,FP1_emit2,FP2_base,FP2_emit1,FP2_emit2,FP3_base,FP3_emit1,FP3_emit2,custom_prog_param1,custom_prog_param2,custom_prog_param3,custom_prog_status,zigzag_target,growth_rate
0.14,0.2503915257494235,0.0,65000.0,28.0,0.0,26.4375,32.1875,28.650000000000034,0.0,0.0,0.0,0.0,0.0,20.0,0.28,0.1,0.1,0.1,0.1,0.1,0.1,0.1,0.5,0.0,18893.0,0.07801831366114434,0.0,0.0,7383.0,0.0,0.0,28364.0,0.0,0.0,0.0,0.0,0.0,0.0,0.0
60.19,0.251505092236741,0.0,65000.0,28.0,0.0,26.6875,32.375,28.650000000000034,0.0,0.0,0.0,0.0,0.0,20.0,0.28,0.1,0.1,0.1,0.1,0.1,0.1,0.1,0.5,0.0,18914.0,0.07819604525748124,0.0,0.0,7392.0,0.0,0.0,28376.0,0.0,0.0,0.0,0.0,0.0,0.0,0.0
120.24,0.2535131629515757,0.0,65000.0,28.0,0.0,26.5,32.1875,28.190000000000055,0.0,0.0,0.0,0.0,0.0,20.0,0.28,0.1,0.1,0.1,0.1,0.1,0.1,0.1,0.5,0.0,19023.0,0.07832623666088419,0.0,0.0,7378.0,0.0,0.0,28511.0,0.0,0.0,0.0,0.0,0.0,0.0,0.0
180.29,0.2513955611068409,0.0,65000.0,28.0,0.06624999999998493,26.5,32.0625,27.750000000000057,0.0,0.0,0.0,0.0,0.0,20.0,0.28,0.1,0.1,0.1,0.1,0.1,0.1,0.1,0.5,0.0,19492.0,0.0777241945413503,0.0,0.0,7520.0,0.0,0.0,28660.0,0.0,0.0,0.0,0.0,0.0,0.0,0.0
414.28,0.6612993303496398,0.0,65000.0,28.0,0.42384999999999706,25.8125,32.125,26.230000000000018,0.0,0.0,0.0,0.0,0.0,20.0,0.28,0.1,0.1,0.1,0.1,0.1,0.1,0.1,0.5,0.0,65535.0,0.07681391622796979,0.0,0.0,8990.0,0.0,0.0,31700.0,0.0,0.0,0.0,0.0,0.0,0.0,0.0
