exp_time,od_measured,od_setpoint,od_zero_setpoint,thermostat_setpoint,heating_rate,internal_air_temp,external_air_temp,media_temp,opt_gen_act_int,pump_1_rate,pump_2_rate,pump_3_rate,pump_4_rate,media_vol,stirring_rate,LED_395nm_setpoint,LED_457nm_setpoint,LED_500nm_setpoint,LED_523nm_setpoint,LED_595nm_setpoint,LED_623nm_setpoint,LED_6500K_setpoint,laser_setpoint,LED_UV_int,FP1_base,FP1_emit1,FP1_emit2,FP2_base,FP2_emit1,FP2_emit2,FP3_base,FP3_emit1,FP3_emit2,custom_prog_param1,custom_prog_param2,custom_prog_param3,custom_prog_status,zigzag_target,growth_rate
0.14,5859.25,0.0,65000.0,28.0,0.29049999999999215,27.5625,33.4375,27.210000000000036,0.0,0.0,0.0,0.0,0.0,20.0,0.28,0.1,0.1,0.1,0.1,0.1,0.1,0.1,0.5,0.0,113.0,0.07964601769911504,0.0,0.0,0.0,0.0,0.0,56.0,0.0,0.0,0.0,0.0,0.0,0.0,0.0
60.21,5410.25,0.0,65000.0,28.0,0.09479999999999308,28.0625,33.375,27.610000000000014,0.0,0.0,0.0,0.0,0.0,20.0,0.28,0.1,0.1,0.1,0.1,0.1,0.1,0.1,0.5,0.0,0.0,0.0,0.0,0.0,0.0,0.0,0.0,0.0,0.0,0.0,0.0,0.0,0.0,0.0,0.0
120.29,5580.25,0.0,65000.0,28.0,0.0418999999999852,28.25,33.375,28.110000000000014,0.0,0.0,0.0,0.0,0.0,20.0,0.28,0.1,0.1,0.1,0.1,0.1,0.1,0.1,0.5,0.0,0.0,0.0,0.0,0.0,0.0,0.0,0.0,0.0,0.0,0.0,0.0,0.0,0.0,0.0,0.0
180.36,5609.25,0.0,65000.0,28.0,0.030099999999993375,28.3125,33.3125,28.110000000000014,0.0,0.0,0.0,0.0,0.0,20.0,0.28,0.1,0.1,0.1,0.1,0.1,0.1,0.1,0.5,0.0,0.0,0.0,0.0,0.0,0.0,0.0,0.0,0.0,0.0,0.0,0.0,0.0,0.0,0.0,0.0
240.42,5640.75,0.0,65000.0,28.0,0.0,28.375,33.3125,28.170000000000016,0.0,0.0,0.0,0.0,0.0,20.0,0.28,0.1,0.1,0.1,0.1,0.1,0.1,0.1,0.5,0.0,0.0,0.0,0.0,0.0,0.0,0.0,0.0,0.0,0.0,0.0,0.0,0.0,0.0,0.0,0.0
